CREATE DATABASE  IF NOT EXISTS `test` /*!40100 DEFAULT CHARACTER SET utf8 */;
USE `test`;
-- MySQL dump 10.13  Distrib 5.7.9, for Win32 (AMD64)
--
-- Host: 127.0.0.1    Database: test
-- ------------------------------------------------------
-- Server version	5.5.25

/*!40101 SET @OLD_CHARACTER_SET_CLIENT=@@CHARACTER_SET_CLIENT */;
/*!40101 SET @OLD_CHARACTER_SET_RESULTS=@@CHARACTER_SET_RESULTS */;
/*!40101 SET @OLD_COLLATION_CONNECTION=@@COLLATION_CONNECTION */;
/*!40101 SET NAMES utf8 */;
/*!40103 SET @OLD_TIME_ZONE=@@TIME_ZONE */;
/*!40103 SET TIME_ZONE='+00:00' */;
/*!40014 SET @OLD_UNIQUE_CHECKS=@@UNIQUE_CHECKS, UNIQUE_CHECKS=0 */;
/*!40014 SET @OLD_FOREIGN_KEY_CHECKS=@@FOREIGN_KEY_CHECKS, FOREIGN_KEY_CHECKS=0 */;
/*!40101 SET @OLD_SQL_MODE=@@SQL_MODE, SQL_MODE='NO_AUTO_VALUE_ON_ZERO' */;
/*!40111 SET @OLD_SQL_NOTES=@@SQL_NOTES, SQL_NOTES=0 */;

--
-- Table structure for table `car`
--

DROP TABLE IF EXISTS `car`;
/*!40101 SET @saved_cs_client     = @@character_set_client */;
/*!40101 SET character_set_client = utf8 */;
CREATE TABLE `car` (
  `id` bigint(22) unsigned NOT NULL AUTO_INCREMENT,
  `brand` varchar(20) NOT NULL,
  `color` varchar(20) NOT NULL,
  `number` varchar(20) NOT NULL,
  PRIMARY KEY (`id`)
) ENGINE=InnoDB AUTO_INCREMENT=11 DEFAULT CHARSET=utf8;
/*!40101 SET character_set_client = @saved_cs_client */;

--
-- Dumping data for table `car`
--

LOCK TABLES `car` WRITE;
/*!40000 ALTER TABLE `car` DISABLE KEYS */;
INSERT INTO `car` VALUES (1,'брэнд 1','цвет 1','номер 1'),(2,'брэнд 2','цвет 2','номер 2'),(3,'брэнд 3','цвет 3','номер 3'),(4,'брэнд 4','цвет 4','номер 4'),(5,'брэнд 5','цвет 5','номер 5'),(6,'брэнд 6','цвет 6','номер 6'),(7,'брэнд 7','цвет 7','номер 7'),(8,'брэнд 8','цвет 8','номер 8'),(9,'брэнд 9','цвет 9','номер 9'),(10,'брэнд 10','цвет 10','номер 10');
/*!40000 ALTER TABLE `car` ENABLE KEYS */;
UNLOCK TABLES;

--
-- Table structure for table `driver`
--

DROP TABLE IF EXISTS `driver`;
/*!40101 SET @saved_cs_client     = @@character_set_client */;
/*!40101 SET character_set_client = utf8 */;
CREATE TABLE `driver` (
  `id` bigint(22) unsigned NOT NULL AUTO_INCREMENT,
  `name` varchar(60) NOT NULL,
  PRIMARY KEY (`id`)
) ENGINE=InnoDB AUTO_INCREMENT=6 DEFAULT CHARSET=utf8;
/*!40101 SET character_set_client = @saved_cs_client */;

--
-- Dumping data for table `driver`
--

LOCK TABLES `driver` WRITE;
/*!40000 ALTER TABLE `driver` DISABLE KEYS */;
INSERT INTO `driver` VALUES (1,'водитель 1'),(2,'водитель 2'),(3,'водитель 3'),(4,'водитель 4'),(5,'водитель 5');
/*!40000 ALTER TABLE `driver` ENABLE KEYS */;
UNLOCK TABLES;

--
-- Table structure for table `operator`
--

DROP TABLE IF EXISTS `operator`;
/*!40101 SET @saved_cs_client     = @@character_set_client */;
/*!40101 SET character_set_client = utf8 */;
CREATE TABLE `operator` (
  `id` bigint(22) unsigned NOT NULL AUTO_INCREMENT,
  `name` varchar(60) NOT NULL,
  PRIMARY KEY (`id`)
) ENGINE=InnoDB AUTO_INCREMENT=6 DEFAULT CHARSET=utf8;
/*!40101 SET character_set_client = @saved_cs_client */;

--
-- Dumping data for table `operator`
--

LOCK TABLES `operator` WRITE;
/*!40000 ALTER TABLE `operator` DISABLE KEYS */;
INSERT INTO `operator` VALUES (1,'оператор 1'),(2,'оператор 2'),(3,'оператор 3'),(4,'оператор 4'),(5,'оператор 5');
/*!40000 ALTER TABLE `operator` ENABLE KEYS */;
UNLOCK TABLES;

--
-- Table structure for table `order`
--

DROP TABLE IF EXISTS `order`;
/*!40101 SET @saved_cs_client     = @@character_set_client */;
/*!40101 SET character_set_client = utf8 */;
CREATE TABLE `order` (
  `id` bigint(22) unsigned NOT NULL AUTO_INCREMENT,
  `created` timestamp NOT NULL DEFAULT CURRENT_TIMESTAMP,
  `id_driver` bigint(22) unsigned NOT NULL,
  `id_car` bigint(22) unsigned NOT NULL,
  `id_operator` bigint(22) unsigned NOT NULL,
  `departure` varchar(60) NOT NULL,
  `reveal` varchar(60) NOT NULL,
  `status` tinyint(1) unsigned NOT NULL DEFAULT '0',
  PRIMARY KEY (`id`),
  KEY `fk_order_id_driver_idx` (`id_driver`),
  KEY `fk_order_id_car_idx` (`id_car`),
  KEY `fk_order_id_operator_idx` (`id_operator`),
  KEY `uq_id_driver_id_car_id_operator_created` (`id_driver`,`id_car`,`id_operator`,`created`) USING BTREE,
  CONSTRAINT `fk_order_id_car` FOREIGN KEY (`id_car`) REFERENCES `car` (`id`) ON DELETE CASCADE ON UPDATE CASCADE,
  CONSTRAINT `fk_order_id_driver` FOREIGN KEY (`id_driver`) REFERENCES `driver` (`id`) ON DELETE CASCADE ON UPDATE CASCADE,
  CONSTRAINT `fk_order_id_operator` FOREIGN KEY (`id_operator`) REFERENCES `operator` (`id`) ON DELETE CASCADE ON UPDATE CASCADE
) ENGINE=InnoDB AUTO_INCREMENT=256 DEFAULT CHARSET=utf8;
/*!40101 SET character_set_client = @saved_cs_client */;

--
-- Dumping data for table `order`
--

LOCK TABLES `order` WRITE;
/*!40000 ALTER TABLE `order` DISABLE KEYS */;
INSERT INTO `order` VALUES (1,'2017-12-13 07:33:09',3,9,5,'адрес отправления 224','адрес назначения 224',0),(2,'2017-12-13 07:33:09',4,9,4,'адрес отправления 220','адрес назначения 220',1),(3,'2017-12-13 07:33:09',3,4,4,'адрес отправления 94','адрес назначения 94',1),(4,'2017-12-13 07:33:09',3,10,5,'адрес отправления 249','адрес назначения 249',1),(5,'2017-12-13 07:33:09',2,8,1,'адрес отправления 178','адрес назначения 178',0),(6,'2017-12-13 07:33:09',1,2,5,'адрес отправления 47','адрес назначения 47',1),(7,'2017-12-13 07:33:09',2,5,1,'адрес отправления 103','адрес назначения 103',1),(8,'2017-12-13 07:33:09',4,2,4,'адрес отправления 45','адрес назначения 45',0),(9,'2017-12-13 07:33:09',5,6,5,'адрес отправления 151','адрес назначения 151',1),(10,'2017-12-13 07:33:09',5,5,5,'адрес отправления 126','адрес назначения 126',0),(11,'2017-12-13 07:33:09',4,5,2,'адрес отправления 110','адрес назначения 110',1),(12,'2017-12-13 07:33:09',4,2,2,'адрес отправления 35','адрес назначения 35',1),(13,'2017-12-13 07:33:09',4,10,3,'адрес отправления 240','адрес назначения 240',0),(14,'2017-12-13 07:33:09',2,8,5,'адрес отправления 198','адрес назначения 198',1),(15,'2017-12-13 07:33:09',5,10,5,'адрес отправления 251','адрес назначения 251',1),(16,'2017-12-13 07:33:09',1,7,3,'адрес отправления 162','адрес назначения 162',1),(17,'2017-12-13 07:33:09',1,5,3,'адрес отправления 112','адрес назначения 112',1),(18,'2017-12-13 07:33:09',4,6,1,'адрес отправления 130','адрес назначения 130',1),(19,'2017-12-13 07:33:09',3,8,4,'адрес отправления 194','адрес назначения 194',0),(20,'2017-12-13 07:33:09',2,4,5,'адрес отправления 98','адрес назначения 98',0),(21,'2017-12-13 07:33:09',4,5,1,'адрес отправления 105','адрес назначения 105',1),(22,'2017-12-13 07:33:09',3,10,4,'адрес отправления 244','адрес назначения 244',0),(23,'2017-12-13 07:33:09',1,4,5,'адрес отправления 97','адрес назначения 97',0),(24,'2017-12-13 07:33:09',5,3,3,'адрес отправления 66','адрес назначения 66',0),(25,'2017-12-13 07:33:09',1,5,5,'адрес отправления 122','адрес назначения 122',1),(26,'2017-12-13 07:33:09',2,4,3,'адрес отправления 88','адрес назначения 88',0),(27,'2017-12-13 07:33:09',5,2,5,'адрес отправления 51','адрес назначения 51',1),(28,'2017-12-13 07:33:09',3,9,2,'адрес отправления 209','адрес назначения 209',0),(29,'2017-12-13 07:33:09',4,8,2,'адрес отправления 185','адрес назначения 185',1),(30,'2017-12-13 07:33:09',3,5,3,'адрес отправления 114','адрес назначения 114',1),(31,'2017-12-13 07:33:09',4,8,4,'адрес отправления 195','адрес назначения 195',0),(32,'2017-12-13 07:33:09',5,4,5,'адрес отправления 101','адрес назначения 101',1),(33,'2017-12-13 07:33:09',2,3,2,'адрес отправления 58','адрес назначения 58',1),(34,'2017-12-13 07:33:09',3,2,4,'адрес отправления 44','адрес назначения 44',0),(35,'2017-12-13 07:33:09',3,5,4,'адрес отправления 119','адрес назначения 119',0),(36,'2017-12-13 07:33:09',1,6,2,'адрес отправления 132','адрес назначения 132',0),(37,'2017-12-13 07:33:09',5,1,1,'адрес отправления 6','адрес назначения 6',1),(38,'2017-12-13 07:33:09',5,5,4,'адрес отправления 121','адрес назначения 121',1),(39,'2017-12-13 07:33:09',5,9,5,'адрес отправления 226','адрес назначения 226',1),(40,'2017-12-13 07:33:09',2,8,2,'адрес отправления 183','адрес назначения 183',0),(41,'2017-12-13 07:33:09',4,1,5,'адрес отправления 25','адрес назначения 25',1),(42,'2017-12-13 07:33:09',1,2,4,'адрес отправления 42','адрес назначения 42',0),(43,'2017-12-13 07:33:09',5,2,3,'адрес отправления 41','адрес назначения 41',0),(44,'2017-12-13 07:33:09',3,6,5,'адрес отправления 149','адрес назначения 149',1),(45,'2017-12-13 07:33:09',5,8,3,'адрес отправления 191','адрес назначения 191',1),(46,'2017-12-13 07:33:09',5,7,2,'адрес отправления 161','адрес назначения 161',1),(47,'2017-12-13 07:33:09',2,7,2,'адрес отправления 158','адрес назначения 158',1),(48,'2017-12-13 07:33:09',2,9,5,'адрес отправления 223','адрес назначения 223',1),(49,'2017-12-13 07:33:09',3,4,1,'адрес отправления 79','адрес назначения 79',1),(50,'2017-12-13 07:33:09',1,5,4,'адрес отправления 117','адрес назначения 117',1),(51,'2017-12-13 07:33:09',3,1,3,'адрес отправления 14','адрес назначения 14',1),(52,'2017-12-13 07:33:09',3,2,3,'адрес отправления 39','адрес назначения 39',0),(53,'2017-12-13 07:33:09',5,1,4,'адрес отправления 21','адрес назначения 21',0),(54,'2017-12-13 07:33:09',3,3,2,'адрес отправления 59','адрес назначения 59',0),(55,'2017-12-13 07:33:09',1,3,2,'адрес отправления 57','адрес назначения 57',1),(56,'2017-12-13 07:33:09',4,6,2,'адрес отправления 135','адрес назначения 135',0),(57,'2017-12-13 07:33:09',2,7,5,'адрес отправления 173','адрес назначения 173',0),(58,'2017-12-13 07:33:09',1,2,2,'адрес отправления 32','адрес назначения 32',0),(59,'2017-12-13 07:33:09',2,10,1,'адрес отправления 228','адрес назначения 228',1),(60,'2017-12-13 07:33:09',3,8,1,'адрес отправления 179','адрес назначения 179',1),(61,'2017-12-13 07:33:09',3,6,2,'адрес отправления 134','адрес назначения 134',0),(62,'2017-12-13 07:33:09',3,9,4,'адрес отправления 219','адрес назначения 219',0),(63,'2017-12-13 07:33:09',5,2,1,'адрес отправления 31','адрес назначения 31',0),(64,'2017-12-13 07:33:09',2,8,4,'адрес отправления 193','адрес назначения 193',1),(65,'2017-12-13 07:33:09',3,7,2,'адрес отправления 159','адрес назначения 159',0),(66,'2017-12-13 07:33:09',4,2,5,'адрес отправления 50','адрес назначения 50',1),(67,'2017-12-13 07:33:09',1,6,3,'адрес отправления 137','адрес назначения 137',1),(68,'2017-12-13 07:33:09',5,10,1,'адрес отправления 231','адрес назначения 231',1),(69,'2017-12-13 07:33:09',2,9,2,'адрес отправления 208','адрес назначения 208',1),(70,'2017-12-13 07:33:09',2,6,5,'адрес отправления 148','адрес назначения 148',0),(71,'2017-12-13 07:33:09',3,4,3,'адрес отправления 89','адрес назначения 89',0),(72,'2017-12-13 07:33:09',5,6,1,'адрес отправления 131','адрес назначения 131',0),(73,'2017-12-13 07:33:09',2,7,4,'адрес отправления 168','адрес назначения 168',0),(74,'2017-12-13 07:33:09',5,2,4,'адрес отправления 46','адрес назначения 46',1),(75,'2017-12-13 07:33:09',2,4,4,'адрес отправления 93','адрес назначения 93',0),(76,'2017-12-13 07:33:09',1,1,4,'адрес отправления 17','адрес назначения 17',1),(77,'2017-12-13 07:33:09',2,9,3,'адрес отправления 213','адрес назначения 213',1),(78,'2017-12-13 07:33:09',4,4,4,'адрес отправления 95','адрес назначения 95',0),(79,'2017-12-13 07:33:09',1,8,2,'адрес отправления 182','адрес назначения 182',1),(80,'2017-12-13 07:33:09',5,4,2,'адрес отправления 86','адрес назначения 86',1),(81,'2017-12-13 07:33:09',3,5,5,'адрес отправления 124','адрес назначения 124',1),(82,'2017-12-13 07:33:09',4,9,5,'адрес отправления 225','адрес назначения 225',0),(83,'2017-12-13 07:33:09',1,4,1,'адрес отправления 77','адрес назначения 77',1),(84,'2017-12-13 07:33:09',3,8,3,'адрес отправления 189','адрес назначения 189',0),(85,'2017-12-13 07:33:09',4,7,2,'адрес отправления 160','адрес назначения 160',1),(86,'2017-12-13 07:33:09',4,3,5,'адрес отправления 75','адрес назначения 75',1),(87,'2017-12-13 07:33:09',4,8,3,'адрес отправления 190','адрес назначения 190',1),(88,'2017-12-13 07:33:09',5,8,1,'адрес отправления 181','адрес назначения 181',0),(89,'2017-12-13 07:33:09',2,2,5,'адрес отправления 48','адрес назначения 48',1),(90,'2017-12-13 07:33:09',5,7,5,'адрес отправления 176','адрес назначения 176',1),(91,'2017-12-13 07:33:09',4,1,4,'адрес отправления 20','адрес назначения 20',1),(92,'2017-12-13 07:33:09',4,2,1,'адрес отправления 30','адрес назначения 30',0),(93,'2017-12-13 07:33:09',2,1,1,'адрес отправления 3','адрес назначения 3',1),(94,'2017-12-13 07:33:09',2,9,1,'адрес отправления 203','адрес назначения 203',1),(95,'2017-12-13 07:33:09',2,6,3,'адрес отправления 138','адрес назначения 138',1),(96,'2017-12-13 07:33:09',5,4,3,'адрес отправления 91','адрес назначения 91',0),(97,'2017-12-13 07:33:09',2,3,1,'адрес отправления 53','адрес назначения 53',1),(98,'2017-12-13 07:33:09',5,3,4,'адрес отправления 71','адрес назначения 71',0),(99,'2017-12-13 07:33:09',1,4,3,'адрес отправления 87','адрес назначения 87',0),(100,'2017-12-13 07:33:09',5,5,1,'адрес отправления 106','адрес назначения 106',1),(101,'2017-12-13 07:33:09',2,9,4,'адрес отправления 218','адрес назначения 218',1),(102,'2017-12-13 07:33:09',2,7,3,'адрес отправления 163','адрес назначения 163',1),(103,'2017-12-13 07:33:09',5,8,5,'адрес отправления 201','адрес назначения 201',1),(104,'2017-12-13 07:33:09',5,6,2,'адрес отправления 136','адрес назначения 136',1),(105,'2017-12-13 07:33:09',4,1,2,'адрес отправления 10','адрес назначения 10',0),(106,'2017-12-13 07:33:09',1,10,1,'адрес отправления 227','адрес назначения 227',1),(107,'2017-12-13 07:33:09',4,3,2,'адрес отправления 60','адрес назначения 60',1),(108,'2017-12-13 07:33:09',5,3,2,'адрес отправления 61','адрес назначения 61',0),(109,'2017-12-13 07:33:09',3,2,2,'адрес отправления 34','адрес назначения 34',1),(110,'2017-12-13 07:33:09',1,9,3,'адрес отправления 212','адрес назначения 212',1),(111,'2017-12-13 07:33:09',1,3,4,'адрес отправления 67','адрес назначения 67',1),(112,'2017-12-13 07:33:09',2,8,3,'адрес отправления 188','адрес назначения 188',1),(113,'2017-12-13 07:33:09',3,3,4,'адрес отправления 69','адрес назначения 69',1),(114,'2017-12-13 07:33:09',1,10,5,'адрес отправления 247','адрес назначения 247',1),(115,'2017-12-13 07:33:09',3,9,3,'адрес отправления 214','адрес назначения 214',1),(116,'2017-12-13 07:33:09',5,8,2,'адрес отправления 186','адрес назначения 186',0),(117,'2017-12-13 07:33:09',2,1,5,'адрес отправления 23','адрес назначения 23',1),(118,'2017-12-13 07:33:09',4,6,4,'адрес отправления 145','адрес назначения 145',0),(119,'2017-12-13 07:33:09',1,1,3,'адрес отправления 12','адрес назначения 12',1),(120,'2017-12-13 07:33:09',4,3,3,'адрес отправления 65','адрес назначения 65',0),(121,'2017-12-13 07:33:09',1,1,5,'адрес отправления 22','адрес назначения 22',0),(122,'2017-12-13 07:33:09',2,7,1,'адрес отправления 153','адрес назначения 153',1),(123,'2017-12-13 07:33:09',4,9,1,'адрес отправления 205','адрес назначения 205',1),(124,'2017-12-13 07:33:09',2,5,3,'адрес отправления 113','адрес назначения 113',1),(125,'2017-12-13 07:33:09',1,4,2,'адрес отправления 82','адрес назначения 82',0),(126,'2017-12-13 07:33:09',2,2,2,'адрес отправления 33','адрес назначения 33',1),(127,'2017-12-13 07:33:09',5,1,5,'адрес отправления 26','адрес назначения 26',1),(128,'2017-12-13 07:33:09',3,8,5,'адрес отправления 199','адрес назначения 199',0),(129,'2017-12-13 07:33:09',3,5,2,'адрес отправления 109','адрес назначения 109',0),(130,'2017-12-13 07:33:09',4,4,1,'адрес отправления 80','адрес назначения 80',1),(131,'2017-12-13 07:33:09',1,3,5,'адрес отправления 72','адрес назначения 72',1),(132,'2017-12-13 07:33:09',2,6,1,'адрес отправления 128','адрес назначения 128',0),(133,'2017-12-13 07:33:09',3,10,3,'адрес отправления 239','адрес назначения 239',1),(134,'2017-12-13 07:33:09',3,6,3,'адрес отправления 139','адрес назначения 139',0),(135,'2017-12-13 07:33:09',1,3,3,'адрес отправления 62','адрес назначения 62',1),(136,'2017-12-13 07:33:09',1,8,1,'адрес отправления 177','адрес назначения 177',1),(137,'2017-12-13 07:33:09',2,3,5,'адрес отправления 73','адрес назначения 73',1),(138,'2017-12-13 07:33:09',4,10,5,'адрес отправления 250','адрес назначения 250',0),(139,'2017-12-13 07:33:09',1,4,4,'адрес отправления 92','адрес назначения 92',0),(140,'2017-12-13 07:33:09',3,4,2,'адрес отправления 84','адрес назначения 84',0),(141,'2017-12-13 07:33:09',3,1,5,'адрес отправления 24','адрес назначения 24',1),(142,'2017-12-13 07:33:09',5,9,2,'адрес отправления 211','адрес назначения 211',1),(143,'2017-12-13 07:33:09',2,2,4,'адрес отправления 43','адрес назначения 43',1),(144,'2017-12-13 07:33:09',1,5,2,'адрес отправления 107','адрес назначения 107',0),(145,'2017-12-13 07:33:09',4,4,2,'адрес отправления 85','адрес назначения 85',1),(146,'2017-12-13 07:33:09',1,7,1,'адрес отправления 152','адрес назначения 152',1),(147,'2017-12-13 07:33:09',2,10,3,'адрес отправления 238','адрес назначения 238',0),(148,'2017-12-13 07:33:09',2,5,4,'адрес отправления 118','адрес назначения 118',0),(149,'2017-12-13 07:33:09',1,5,1,'адрес отправления 102','адрес назначения 102',0),(150,'2017-12-13 07:33:09',2,10,5,'адрес отправления 248','адрес назначения 248',0),(151,'2017-12-13 07:33:09',5,9,3,'адрес отправления 216','адрес назначения 216',0),(152,'2017-12-13 07:33:09',5,6,4,'адрес отправления 146','адрес назначения 146',1),(153,'2017-12-13 07:33:09',5,4,4,'адрес отправления 96','адрес назначения 96',1),(154,'2017-12-13 07:33:09',4,7,1,'адрес отправления 155','адрес назначения 155',1),(155,'2017-12-13 07:33:09',1,2,1,'адрес отправления 27','адрес назначения 27',0),(156,'2017-12-13 07:33:09',3,1,2,'адрес отправления 9','адрес назначения 9',1),(157,'2017-12-13 07:33:09',3,8,2,'адрес отправления 184','адрес назначения 184',1),(158,'2017-12-13 07:33:09',5,4,1,'адрес отправления 81','адрес назначения 81',1),(159,'2017-12-13 07:33:09',4,6,5,'адрес отправления 150','адрес назначения 150',1),(160,'2017-12-13 07:33:09',4,3,1,'адрес отправления 55','адрес назначения 55',1),(161,'2017-12-13 07:33:09',4,9,2,'адрес отправления 210','адрес назначения 210',1),(162,'2017-12-13 07:33:09',2,2,1,'адрес отправления 28','адрес назначения 28',0),(163,'2017-12-13 07:33:09',3,2,5,'адрес отправления 49','адрес назначения 49',0),(164,'2017-12-13 07:33:09',2,1,4,'адрес отправления 18','адрес назначения 18',1),(165,'2017-12-13 07:33:09',2,3,3,'адрес отправления 63','адрес назначения 63',0),(166,'2017-12-13 07:33:09',2,5,2,'адрес отправления 108','адрес назначения 108',1),(167,'2017-12-13 07:33:09',3,6,1,'адрес отправления 129','адрес назначения 129',0),(168,'2017-12-13 07:33:09',3,7,5,'адрес отправления 174','адрес назначения 174',1),(169,'2017-12-13 07:33:09',1,9,4,'адрес отправления 217','адрес назначения 217',1),(170,'2017-12-13 07:33:09',5,7,3,'адрес отправления 166','адрес назначения 166',0),(171,'2017-12-13 07:33:09',3,5,1,'адрес отправления 104','адрес назначения 104',1),(172,'2017-12-13 07:33:09',1,10,4,'адрес отправления 242','адрес назначения 242',0),(173,'2017-12-13 07:33:09',5,1,2,'адрес отправления 11','адрес назначения 11',1),(174,'2017-12-13 07:33:09',3,1,1,'адрес отправления 4','адрес назначения 4',0),(175,'2017-12-13 07:33:09',3,4,5,'адрес отправления 99','адрес назначения 99',0),(176,'2017-12-13 07:33:09',5,8,4,'адрес отправления 196','адрес назначения 196',0),(177,'2017-12-13 07:33:09',4,4,3,'адрес отправления 90','адрес назначения 90',0),(178,'2017-12-13 07:33:09',5,2,2,'адрес отправления 36','адрес назначения 36',0),(179,'2017-12-13 07:33:09',4,8,5,'адрес отправления 200','адрес назначения 200',1),(180,'2017-12-13 07:33:09',3,9,1,'адрес отправления 204','адрес назначения 204',1),(181,'2017-12-13 07:33:09',5,6,3,'адрес отправления 141','адрес назначения 141',0),(182,'2017-12-13 07:33:09',4,10,2,'адрес отправления 235','адрес назначения 235',1),(183,'2017-12-13 07:33:09',5,9,1,'адрес отправления 206','адрес назначения 206',1),(184,'2017-12-13 07:33:09',4,1,1,'адрес отправления 5','адрес назначения 5',0),(185,'2017-12-13 07:33:09',5,10,2,'адрес отправления 236','адрес назначения 236',0),(186,'2017-12-13 07:33:09',5,7,4,'адрес отправления 171','адрес назначения 171',0),(187,'2017-12-13 07:33:09',2,1,2,'адрес отправления 8','адрес назначения 8',0),(188,'2017-12-13 07:33:09',3,7,4,'адрес отправления 169','адрес назначения 169',1),(189,'2017-12-13 07:33:09',4,1,3,'адрес отправления 15','адрес назначения 15',1),(190,'2017-12-13 07:33:09',1,7,5,'адрес отправления 172','адрес назначения 172',0),(191,'2017-12-13 07:33:09',1,9,1,'адрес отправления 202','адрес назначения 202',0),(192,'2017-12-13 07:33:09',1,3,1,'адрес отправления 52','адрес назначения 52',0),(193,'2017-12-13 07:33:09',1,2,3,'адрес отправления 37','адрес назначения 37',0),(194,'2017-12-13 07:33:09',2,2,3,'адрес отправления 38','адрес назначения 38',1),(195,'2017-12-13 07:33:09',2,1,3,'адрес отправления 13','адрес назначения 13',0),(196,'2017-12-13 07:33:09',1,7,2,'адрес отправления 157','адрес назначения 157',0),(197,'2017-12-13 07:33:09',4,7,5,'адрес отправления 175','адрес назначения 175',0),(198,'2017-12-13 07:33:09',5,7,1,'адрес отправления 156','адрес назначения 156',0),(199,'2017-12-13 07:33:09',2,6,4,'адрес отправления 143','адрес назначения 143',0),(200,'2017-12-13 07:33:09',4,8,1,'адрес отправления 180','адрес назначения 180',1),(201,'2017-12-13 07:33:09',5,5,3,'адрес отправления 116','адрес назначения 116',0),(202,'2017-12-13 07:33:09',4,6,3,'адрес отправления 140','адрес назначения 140',1),(203,'2017-12-13 07:33:09',4,9,3,'адрес отправления 215','адрес назначения 215',1),(204,'2017-12-13 07:33:09',3,6,4,'адрес отправления 144','адрес назначения 144',1),(205,'2017-12-13 07:33:09',4,5,3,'адрес отправления 115','адрес назначения 115',1),(206,'2017-12-13 07:33:09',5,3,5,'адрес отправления 76','адрес назначения 76',1),(207,'2017-12-13 07:33:09',5,10,3,'адрес отправления 241','адрес назначения 241',0),(208,'2017-12-13 07:33:09',2,4,2,'адрес отправления 83','адрес назначения 83',1),(209,'2017-12-13 07:33:09',5,3,1,'адрес отправления 56','адрес назначения 56',1),(210,'2017-12-13 07:33:09',5,5,2,'адрес отправления 111','адрес назначения 111',1),(211,'2017-12-13 07:33:09',4,5,5,'адрес отправления 125','адрес назначения 125',1),(212,'2017-12-13 07:33:09',2,10,4,'адрес отправления 243','адрес назначения 243',0),(213,'2017-12-13 07:33:09',4,4,5,'адрес отправления 100','адрес назначения 100',0),(214,'2017-12-13 07:33:09',1,10,2,'адрес отправления 232','адрес назначения 232',1),(215,'2017-12-13 07:33:09',2,3,4,'адрес отправления 68','адрес назначения 68',1),(216,'2017-12-13 07:33:09',1,6,4,'адрес отправления 142','адрес назначения 142',1),(217,'2017-12-13 07:33:09',4,7,4,'адрес отправления 170','адрес назначения 170',1),(218,'2017-12-13 07:33:09',1,6,1,'адрес отправления 127','адрес назначения 127',0),(219,'2017-12-13 07:33:09',1,8,4,'адрес отправления 192','адрес назначения 192',1),(220,'2017-12-13 07:33:09',1,1,2,'адрес отправления 7','адрес назначения 7',1),(221,'2017-12-13 07:33:09',4,2,3,'адрес отправления 40','адрес назначения 40',1),(222,'2017-12-13 07:33:09',3,10,1,'адрес отправления 229','адрес назначения 229',0),(223,'2017-12-13 07:33:09',5,10,4,'адрес отправления 246','адрес назначения 246',0),(224,'2017-12-13 07:33:09',2,5,5,'адрес отправления 123','адрес назначения 123',0),(225,'2017-12-13 07:33:09',1,10,3,'адрес отправления 237','адрес назначения 237',0),(226,'2017-12-13 07:33:09',1,7,4,'адрес отправления 167','адрес назначения 167',0),(227,'2017-12-13 07:33:09',1,1,1,'адрес отправления 2','адрес назначения 2',0),(228,'2017-12-13 07:33:09',3,3,3,'адрес отправления 64','адрес назначения 64',0),(229,'2017-12-13 07:33:09',4,7,3,'адрес отправления 165','адрес назначения 165',1),(230,'2017-12-13 07:33:09',1,8,5,'адрес отправления 197','адрес назначения 197',1),(231,'2017-12-13 07:33:09',1,8,3,'адрес отправления 187','адрес назначения 187',0),(232,'2017-12-13 07:33:09',2,4,1,'адрес отправления 78','адрес назначения 78',1),(233,'2017-12-13 07:33:09',2,10,2,'адрес отправления 233','адрес назначения 233',0),(234,'2017-12-13 07:33:09',1,6,5,'адрес отправления 147','адрес назначения 147',1),(235,'2017-12-13 07:33:09',5,9,4,'адрес отправления 221','адрес назначения 221',1),(236,'2017-12-13 07:33:09',1,9,2,'адрес отправления 207','адрес назначения 207',0),(237,'2017-12-13 07:33:09',3,7,1,'адрес отправления 154','адрес назначения 154',0),(238,'2017-12-13 07:33:09',3,10,2,'адрес отправления 234','адрес назначения 234',0),(239,'2017-12-13 07:33:09',5,1,3,'адрес отправления 16','адрес назначения 16',0),(240,'2017-12-13 07:33:09',4,5,4,'адрес отправления 120','адрес назначения 120',1),(241,'2017-12-13 07:33:09',4,10,1,'адрес отправления 230','адрес назначения 230',1),(242,'2017-12-13 07:33:09',3,2,1,'адрес отправления 29','адрес назначения 29',1),(243,'2017-12-13 07:33:09',2,6,2,'адрес отправления 133','адрес назначения 133',0),(244,'2017-12-13 07:33:09',3,1,4,'адрес отправления 19','адрес назначения 19',0),(245,'2017-12-13 07:33:09',3,3,5,'адрес отправления 74','адрес назначения 74',0),(246,'2017-12-13 07:33:09',3,3,1,'адрес отправления 54','адрес назначения 54',1),(247,'2017-12-13 07:33:09',4,3,4,'адрес отправления 70','адрес назначения 70',0),(248,'2017-12-13 07:33:09',4,10,4,'адрес отправления 245','адрес назначения 245',1),(249,'2017-12-13 07:33:09',1,9,5,'адрес отправления 222','адрес назначения 222',0),(250,'2017-12-13 07:33:09',3,7,3,'адрес отправления 164','адрес назначения 164',1);
/*!40000 ALTER TABLE `order` ENABLE KEYS */;
UNLOCK TABLES;

--
-- Temporary view structure for view `v_address_orphant`
--

DROP TABLE IF EXISTS `v_address_orphant`;
/*!50001 DROP VIEW IF EXISTS `v_address_orphant`*/;
SET @saved_cs_client     = @@character_set_client;
SET character_set_client = utf8;
/*!50001 CREATE VIEW `v_address_orphant` AS SELECT 
 1 AS `id_order`,
 1 AS `operator_name`*/;
SET character_set_client = @saved_cs_client;

--
-- Temporary view structure for view `v_car_driver_count`
--

DROP TABLE IF EXISTS `v_car_driver_count`;
/*!50001 DROP VIEW IF EXISTS `v_car_driver_count`*/;
SET @saved_cs_client     = @@character_set_client;
SET character_set_client = utf8;
/*!50001 CREATE VIEW `v_car_driver_count` AS SELECT 
 1 AS `id_car`,
 1 AS `driver_count`*/;
SET character_set_client = @saved_cs_client;

--
-- Temporary view structure for view `v_driver_order_count`
--

DROP TABLE IF EXISTS `v_driver_order_count`;
/*!50001 DROP VIEW IF EXISTS `v_driver_order_count`*/;
SET @saved_cs_client     = @@character_set_client;
SET character_set_client = utf8;
/*!50001 CREATE VIEW `v_driver_order_count` AS SELECT 
 1 AS `driver_name`,
 1 AS `order_count`*/;
SET character_set_client = @saved_cs_client;

--
-- Temporary view structure for view `v_driver_orphant`
--

DROP TABLE IF EXISTS `v_driver_orphant`;
/*!50001 DROP VIEW IF EXISTS `v_driver_orphant`*/;
SET @saved_cs_client     = @@character_set_client;
SET character_set_client = utf8;
/*!50001 CREATE VIEW `v_driver_orphant` AS SELECT 
 1 AS `id`*/;
SET character_set_client = @saved_cs_client;

--
-- Dumping events for database 'test'
--

--
-- Dumping routines for database 'test'
--

--
-- Final view structure for view `v_address_orphant`
--

/*!50001 DROP VIEW IF EXISTS `v_address_orphant`*/;
/*!50001 SET @saved_cs_client          = @@character_set_client */;
/*!50001 SET @saved_cs_results         = @@character_set_results */;
/*!50001 SET @saved_col_connection     = @@collation_connection */;
/*!50001 SET character_set_client      = utf8 */;
/*!50001 SET character_set_results     = utf8 */;
/*!50001 SET collation_connection      = utf8_general_ci */;
/*!50001 CREATE ALGORITHM=UNDEFINED */
/*!50013 DEFINER=`root`@`localhost` SQL SECURITY DEFINER */
/*!50001 VIEW `v_address_orphant` AS select sql_small_result sql_cache `o2`.`id` AS `id_order`,`o1`.`name` AS `operator_name` from (`operator` `o1` join `order` `o2` on((`o2`.`id_operator` = `o1`.`id`))) where (`o2`.`status` = 0) */;
/*!50001 SET character_set_client      = @saved_cs_client */;
/*!50001 SET character_set_results     = @saved_cs_results */;
/*!50001 SET collation_connection      = @saved_col_connection */;

--
-- Final view structure for view `v_car_driver_count`
--

/*!50001 DROP VIEW IF EXISTS `v_car_driver_count`*/;
/*!50001 SET @saved_cs_client          = @@character_set_client */;
/*!50001 SET @saved_cs_results         = @@character_set_results */;
/*!50001 SET @saved_col_connection     = @@collation_connection */;
/*!50001 SET character_set_client      = utf8 */;
/*!50001 SET character_set_results     = utf8 */;
/*!50001 SET collation_connection      = utf8_general_ci */;
/*!50001 CREATE ALGORITHM=UNDEFINED */
/*!50013 DEFINER=`root`@`localhost` SQL SECURITY DEFINER */
/*!50001 VIEW `v_car_driver_count` AS select sql_small_result sql_cache `o1`.`id_car` AS `id_car`,count(distinct `o1`.`id_driver`) AS `driver_count` from `order` `o1` group by `o1`.`id_car` */;
/*!50001 SET character_set_client      = @saved_cs_client */;
/*!50001 SET character_set_results     = @saved_cs_results */;
/*!50001 SET collation_connection      = @saved_col_connection */;

--
-- Final view structure for view `v_driver_order_count`
--

/*!50001 DROP VIEW IF EXISTS `v_driver_order_count`*/;
/*!50001 SET @saved_cs_client          = @@character_set_client */;
/*!50001 SET @saved_cs_results         = @@character_set_results */;
/*!50001 SET @saved_col_connection     = @@collation_connection */;
/*!50001 SET character_set_client      = utf8 */;
/*!50001 SET character_set_results     = utf8 */;
/*!50001 SET collation_connection      = utf8_general_ci */;
/*!50001 CREATE ALGORITHM=UNDEFINED */
/*!50013 DEFINER=`root`@`localhost` SQL SECURITY DEFINER */
/*!50001 VIEW `v_driver_order_count` AS select sql_small_result sql_cache `d1`.`name` AS `driver_name`,count(0) AS `order_count` from (`driver` `d1` left join `order` `o1` on((`o1`.`id_driver` = `d1`.`id`))) where (`o1`.`status` > 0) group by 1 order by 2 desc */;
/*!50001 SET character_set_client      = @saved_cs_client */;
/*!50001 SET character_set_results     = @saved_cs_results */;
/*!50001 SET collation_connection      = @saved_col_connection */;

--
-- Final view structure for view `v_driver_orphant`
--

/*!50001 DROP VIEW IF EXISTS `v_driver_orphant`*/;
/*!50001 SET @saved_cs_client          = @@character_set_client */;
/*!50001 SET @saved_cs_results         = @@character_set_results */;
/*!50001 SET @saved_col_connection     = @@collation_connection */;
/*!50001 SET character_set_client      = utf8 */;
/*!50001 SET character_set_results     = utf8 */;
/*!50001 SET collation_connection      = utf8_general_ci */;
/*!50001 CREATE ALGORITHM=UNDEFINED */
/*!50013 DEFINER=`root`@`localhost` SQL SECURITY DEFINER */
/*!50001 VIEW `v_driver_orphant` AS select sql_small_result sql_cache `d1`.`id` AS `id` from (`driver` `d1` left join `order` `o1` on((`o1`.`id_driver` = `d1`.`id`))) where isnull(`o1`.`id`) */;
/*!50001 SET character_set_client      = @saved_cs_client */;
/*!50001 SET character_set_results     = @saved_cs_results */;
/*!50001 SET collation_connection      = @saved_col_connection */;
/*!40103 SET TIME_ZONE=@OLD_TIME_ZONE */;

/*!40101 SET SQL_MODE=@OLD_SQL_MODE */;
/*!40014 SET FOREIGN_KEY_CHECKS=@OLD_FOREIGN_KEY_CHECKS */;
/*!40014 SET UNIQUE_CHECKS=@OLD_UNIQUE_CHECKS */;
/*!40101 SET CHARACTER_SET_CLIENT=@OLD_CHARACTER_SET_CLIENT */;
/*!40101 SET CHARACTER_SET_RESULTS=@OLD_CHARACTER_SET_RESULTS */;
/*!40101 SET COLLATION_CONNECTION=@OLD_COLLATION_CONNECTION */;
/*!40111 SET SQL_NOTES=@OLD_SQL_NOTES */;

-- Dump completed on 2017-12-13 10:37:23
